image_name,gender,path
ak3.jpeg,Male,MPPS/MPPS/men\ak3.jpeg
akclose.jpeg,Male,MPPS/MPPS/men\akclose.jpeg
akfar.jpeg,Male,MPPS/MPPS/men\akfar.jpeg
Screenshot 2024-11-17 001937.png,Male,MPPS/MPPS/men\Screenshot 2024-11-17 001937.png
Screenshot 2024-11-17 001956.png,Male,MPPS/MPPS/men\Screenshot 2024-11-17 001956.png
Screenshot 2024-11-17 002017.png,Male,MPPS/MPPS/men\Screenshot 2024-11-17 002017.png
Screenshot 2024-11-17 013244.png,Male,MPPS/MPPS/men\Screenshot 2024-11-17 013244.png
Screenshot 2024-11-17 013356.png,Male,MPPS/MPPS/men\Screenshot 2024-11-17 013356.png
Screenshot 2024-11-17 013430.png,Male,MPPS/MPPS/men\Screenshot 2024-11-17 013430.png
Screenshot 2024-11-17 013527.png,Male,MPPS/MPPS/men\Screenshot 2024-11-17 013527.png
Screenshot 2024-11-17 013555.png,Male,MPPS/MPPS/men\Screenshot 2024-11-17 013555.png
Screenshot 2024-11-17 013625.png,Male,MPPS/MPPS/men\Screenshot 2024-11-17 013625.png
Screenshot 2024-11-17 013646.png,Male,MPPS/MPPS/men\Screenshot 2024-11-17 013646.png
Screenshot 2024-11-17 013731.png,Male,MPPS/MPPS/men\Screenshot 2024-11-17 013731.png
Screenshot 2024-11-17 013846.png,Male,MPPS/MPPS/men\Screenshot 2024-11-17 013846.png
Screenshot 2024-11-17 013858.png,Male,MPPS/MPPS/men\Screenshot 2024-11-17 013858.png
Screenshot 2024-11-17 013922.png,Male,MPPS/MPPS/men\Screenshot 2024-11-17 013922.png
Screenshot 2024-11-17 013941.png,Male,MPPS/MPPS/men\Screenshot 2024-11-17 013941.png
Screenshot 2024-11-17 014000.png,Male,MPPS/MPPS/men\Screenshot 2024-11-17 014000.png
Screenshot 2024-11-17 014027.png,Male,MPPS/MPPS/men\Screenshot 2024-11-17 014027.png
Screenshot 2024-11-17 014040.png,Male,MPPS/MPPS/men\Screenshot 2024-11-17 014040.png
Screenshot 2024-11-17 014112.png,Male,MPPS/MPPS/men\Screenshot 2024-11-17 014112.png
Screenshot 2024-11-17 014217.png,Male,MPPS/MPPS/men\Screenshot 2024-11-17 014217.png
Screenshot 2024-11-17 014238.png,Male,MPPS/MPPS/men\Screenshot 2024-11-17 014238.png
Screenshot 2024-11-17 014339.png,Male,MPPS/MPPS/men\Screenshot 2024-11-17 014339.png
Screenshot 2024-11-17 014359.png,Male,MPPS/MPPS/men\Screenshot 2024-11-17 014359.png
Screenshot 2024-11-17 014412.png,Male,MPPS/MPPS/men\Screenshot 2024-11-17 014412.png
Screenshot 2024-11-17 014423.png,Male,MPPS/MPPS/men\Screenshot 2024-11-17 014423.png
Screenshot 2024-11-17 014436.png,Male,MPPS/MPPS/men\Screenshot 2024-11-17 014436.png
Screenshot 2024-11-17 014500.png,Male,MPPS/MPPS/men\Screenshot 2024-11-17 014500.png
Screenshot 2024-11-17 014721.png,Male,MPPS/MPPS/men\Screenshot 2024-11-17 014721.png
Screenshot 2024-11-17 014739.png,Male,MPPS/MPPS/men\Screenshot 2024-11-17 014739.png
Screenshot 2024-11-17 014805.png,Male,MPPS/MPPS/men\Screenshot 2024-11-17 014805.png
Screenshot 2024-11-17 014929.png,Male,MPPS/MPPS/men\Screenshot 2024-11-17 014929.png
Screenshot 2024-11-17 014945.png,Male,MPPS/MPPS/men\Screenshot 2024-11-17 014945.png
Screenshot 2024-11-17 014958.png,Male,MPPS/MPPS/men\Screenshot 2024-11-17 014958.png
Screenshot 2024-11-17 015536.png,Male,MPPS/MPPS/men\Screenshot 2024-11-17 015536.png
Screenshot 2024-11-17 015559.png,Male,MPPS/MPPS/men\Screenshot 2024-11-17 015559.png
Screenshot 2024-11-17 015628.png,Male,MPPS/MPPS/men\Screenshot 2024-11-17 015628.png
Screenshot 2024-11-17 015658.png,Male,MPPS/MPPS/men\Screenshot 2024-11-17 015658.png
Screenshot 2024-11-17 015718.png,Male,MPPS/MPPS/men\Screenshot 2024-11-17 015718.png
Screenshot 2024-11-17 015910.png,Male,MPPS/MPPS/men\Screenshot 2024-11-17 015910.png
Screenshot 2024-11-17 015925.png,Male,MPPS/MPPS/men\Screenshot 2024-11-17 015925.png
Screenshot 2024-11-17 015938.png,Male,MPPS/MPPS/men\Screenshot 2024-11-17 015938.png
Screenshot 2024-11-17 015956.png,Male,MPPS/MPPS/men\Screenshot 2024-11-17 015956.png
Screenshot 2024-11-17 020106.png,Male,MPPS/MPPS/men\Screenshot 2024-11-17 020106.png
Screenshot 2024-11-17 020120.png,Male,MPPS/MPPS/men\Screenshot 2024-11-17 020120.png
Screenshot 2024-11-17 020137.png,Male,MPPS/MPPS/men\Screenshot 2024-11-17 020137.png
Screenshot 2024-11-17 020154.png,Male,MPPS/MPPS/men\Screenshot 2024-11-17 020154.png
Screenshot 2024-11-17 020207.png,Male,MPPS/MPPS/men\Screenshot 2024-11-17 020207.png
Screenshot 2024-11-17 020225.png,Male,MPPS/MPPS/men\Screenshot 2024-11-17 020225.png
Screenshot 2024-11-17 020650.png,Male,MPPS/MPPS/men\Screenshot 2024-11-17 020650.png
Screenshot 2024-11-18 080128.png,Male,MPPS/MPPS/men\Screenshot 2024-11-18 080128.png
Screenshot 2024-11-18 080143.png,Male,MPPS/MPPS/men\Screenshot 2024-11-18 080143.png
Screenshot 2024-11-18 080200.png,Male,MPPS/MPPS/men\Screenshot 2024-11-18 080200.png
Screenshot 2024-11-18 080211.png,Male,MPPS/MPPS/men\Screenshot 2024-11-18 080211.png
Screenshot 2024-11-18 080228.png,Male,MPPS/MPPS/men\Screenshot 2024-11-18 080228.png
Screenshot 2024-11-18 080303.png,Male,MPPS/MPPS/men\Screenshot 2024-11-18 080303.png
Screenshot 2024-11-18 080321.png,Male,MPPS/MPPS/men\Screenshot 2024-11-18 080321.png
Screenshot 2024-11-18 080338.png,Male,MPPS/MPPS/men\Screenshot 2024-11-18 080338.png
Screenshot 2024-11-18 080350.png,Male,MPPS/MPPS/men\Screenshot 2024-11-18 080350.png
Screenshot 2024-11-18 080401.png,Male,MPPS/MPPS/men\Screenshot 2024-11-18 080401.png
Screenshot 2024-11-18 080412.png,Male,MPPS/MPPS/men\Screenshot 2024-11-18 080412.png
Screenshot 2024-11-18 080422.png,Male,MPPS/MPPS/men\Screenshot 2024-11-18 080422.png
Screenshot 2024-11-18 080434.png,Male,MPPS/MPPS/men\Screenshot 2024-11-18 080434.png
Screenshot 2024-11-18 080447.png,Male,MPPS/MPPS/men\Screenshot 2024-11-18 080447.png
Screenshot 2024-11-18 080502.png,Male,MPPS/MPPS/men\Screenshot 2024-11-18 080502.png
Screenshot 2024-11-18 080516.png,Male,MPPS/MPPS/men\Screenshot 2024-11-18 080516.png
Screenshot 2024-11-18 080527.png,Male,MPPS/MPPS/men\Screenshot 2024-11-18 080527.png
Screenshot 2024-11-18 080541.png,Male,MPPS/MPPS/men\Screenshot 2024-11-18 080541.png
Screenshot 2024-11-18 080553.png,Male,MPPS/MPPS/men\Screenshot 2024-11-18 080553.png
Screenshot 2024-11-18 080606.png,Male,MPPS/MPPS/men\Screenshot 2024-11-18 080606.png
Screenshot 2024-11-18 080617.png,Male,MPPS/MPPS/men\Screenshot 2024-11-18 080617.png
Screenshot 2024-11-18 080627.png,Male,MPPS/MPPS/men\Screenshot 2024-11-18 080627.png
Screenshot 2024-11-18 080638.png,Male,MPPS/MPPS/men\Screenshot 2024-11-18 080638.png
Screenshot 2024-11-18 080651.png,Male,MPPS/MPPS/men\Screenshot 2024-11-18 080651.png
Screenshot 2024-11-18 080713.png,Male,MPPS/MPPS/men\Screenshot 2024-11-18 080713.png
Screenshot 2024-11-18 080734.png,Male,MPPS/MPPS/men\Screenshot 2024-11-18 080734.png
Screenshot 2024-11-18 080748.png,Male,MPPS/MPPS/men\Screenshot 2024-11-18 080748.png
Screenshot 2024-11-18 080759.png,Male,MPPS/MPPS/men\Screenshot 2024-11-18 080759.png
Screenshot 2024-11-18 080818.png,Male,MPPS/MPPS/men\Screenshot 2024-11-18 080818.png
Screenshot 2024-11-18 080828.png,Male,MPPS/MPPS/men\Screenshot 2024-11-18 080828.png
Screenshot 2024-11-18 080846.png,Male,MPPS/MPPS/men\Screenshot 2024-11-18 080846.png
Screenshot 2024-11-18 080902.png,Male,MPPS/MPPS/men\Screenshot 2024-11-18 080902.png
Screenshot 2024-11-18 080952.png,Male,MPPS/MPPS/men\Screenshot 2024-11-18 080952.png
Screenshot 2024-11-18 081011.png,Male,MPPS/MPPS/men\Screenshot 2024-11-18 081011.png
Screenshot 2024-11-18 081025.png,Male,MPPS/MPPS/men\Screenshot 2024-11-18 081025.png
Screenshot 2024-11-18 081040.png,Male,MPPS/MPPS/men\Screenshot 2024-11-18 081040.png
Screenshot 2024-11-18 081051.png,Male,MPPS/MPPS/men\Screenshot 2024-11-18 081051.png
Screenshot 2024-11-18 081104.png,Male,MPPS/MPPS/men\Screenshot 2024-11-18 081104.png
Screenshot 2024-11-18 081120.png,Male,MPPS/MPPS/men\Screenshot 2024-11-18 081120.png
Screenshot 2024-11-18 081142.png,Male,MPPS/MPPS/men\Screenshot 2024-11-18 081142.png
Screenshot 2024-11-18 081155.png,Male,MPPS/MPPS/men\Screenshot 2024-11-18 081155.png
Screenshot 2024-11-18 081208.png,Male,MPPS/MPPS/men\Screenshot 2024-11-18 081208.png
Screenshot 2024-11-18 081222.png,Male,MPPS/MPPS/men\Screenshot 2024-11-18 081222.png
Screenshot 2024-11-18 081239.png,Male,MPPS/MPPS/men\Screenshot 2024-11-18 081239.png
Screenshot 2024-11-18 081251.png,Male,MPPS/MPPS/men\Screenshot 2024-11-18 081251.png
Screenshot 2024-11-18 081309.png,Male,MPPS/MPPS/men\Screenshot 2024-11-18 081309.png
Screenshot 2024-11-18 081326.png,Male,MPPS/MPPS/men\Screenshot 2024-11-18 081326.png
Screenshot 2024-11-18 081357.png,Male,MPPS/MPPS/men\Screenshot 2024-11-18 081357.png
Screenshot 2024-11-18 081413.png,Male,MPPS/MPPS/men\Screenshot 2024-11-18 081413.png
Screenshot 2024-11-18 081429.png,Male,MPPS/MPPS/men\Screenshot 2024-11-18 081429.png
Screenshot 2024-11-18 081441.png,Male,MPPS/MPPS/men\Screenshot 2024-11-18 081441.png
Screenshot 2024-11-18 081454.png,Male,MPPS/MPPS/men\Screenshot 2024-11-18 081454.png
Screenshot 2024-11-18 081507.png,Male,MPPS/MPPS/men\Screenshot 2024-11-18 081507.png
Screenshot 2024-11-18 081523.png,Male,MPPS/MPPS/men\Screenshot 2024-11-18 081523.png
Screenshot 2024-11-18 081535.png,Male,MPPS/MPPS/men\Screenshot 2024-11-18 081535.png
Screenshot 2024-11-18 081548.png,Male,MPPS/MPPS/men\Screenshot 2024-11-18 081548.png
Screenshot 2024-11-18 081602.png,Male,MPPS/MPPS/men\Screenshot 2024-11-18 081602.png
Screenshot 2024-11-18 081612.png,Male,MPPS/MPPS/men\Screenshot 2024-11-18 081612.png
Screenshot 2024-11-18 081623.png,Male,MPPS/MPPS/men\Screenshot 2024-11-18 081623.png
Screenshot 2024-11-18 082203.png,Male,MPPS/MPPS/men\Screenshot 2024-11-18 082203.png
Screenshot 2024-11-18 082213.png,Male,MPPS/MPPS/men\Screenshot 2024-11-18 082213.png
Screenshot 2024-11-18 082224.png,Male,MPPS/MPPS/men\Screenshot 2024-11-18 082224.png
Screenshot 2024-11-18 082238.png,Male,MPPS/MPPS/men\Screenshot 2024-11-18 082238.png
Screenshot 2024-11-18 082253.png,Male,MPPS/MPPS/men\Screenshot 2024-11-18 082253.png
Screenshot 2024-11-18 082307.png,Male,MPPS/MPPS/men\Screenshot 2024-11-18 082307.png
Screenshot 2024-11-18 082330.png,Male,MPPS/MPPS/men\Screenshot 2024-11-18 082330.png
Screenshot 2024-11-18 082345.png,Male,MPPS/MPPS/men\Screenshot 2024-11-18 082345.png
Screenshot 2024-11-18 082356.png,Male,MPPS/MPPS/men\Screenshot 2024-11-18 082356.png
Screenshot 2024-11-18 082417.png,Male,MPPS/MPPS/men\Screenshot 2024-11-18 082417.png
Screenshot 2024-11-18 082431.png,Male,MPPS/MPPS/men\Screenshot 2024-11-18 082431.png
Screenshot 2024-11-18 082443.png,Male,MPPS/MPPS/men\Screenshot 2024-11-18 082443.png
Screenshot 2024-11-18 082455.png,Male,MPPS/MPPS/men\Screenshot 2024-11-18 082455.png
Screenshot 2024-11-18 082513.png,Male,MPPS/MPPS/men\Screenshot 2024-11-18 082513.png
Screenshot 2024-11-18 082528.png,Male,MPPS/MPPS/men\Screenshot 2024-11-18 082528.png
Screenshot 2024-11-18 082541.png,Male,MPPS/MPPS/men\Screenshot 2024-11-18 082541.png
Screenshot 2024-11-18 082555.png,Male,MPPS/MPPS/men\Screenshot 2024-11-18 082555.png
Screenshot 2024-11-18 082605.png,Male,MPPS/MPPS/men\Screenshot 2024-11-18 082605.png
Screenshot 2024-11-18 082617.png,Male,MPPS/MPPS/men\Screenshot 2024-11-18 082617.png
Screenshot 2024-11-18 082632.png,Male,MPPS/MPPS/men\Screenshot 2024-11-18 082632.png
Screenshot 2024-11-18 082643.png,Male,MPPS/MPPS/men\Screenshot 2024-11-18 082643.png
Screenshot 2024-11-18 082656.png,Male,MPPS/MPPS/men\Screenshot 2024-11-18 082656.png
Screenshot 2024-11-18 082709.png,Male,MPPS/MPPS/men\Screenshot 2024-11-18 082709.png
Screenshot 2024-11-18 082723.png,Male,MPPS/MPPS/men\Screenshot 2024-11-18 082723.png
Screenshot 2024-11-18 082748.png,Male,MPPS/MPPS/men\Screenshot 2024-11-18 082748.png
Screenshot 2024-11-18 082800.png,Male,MPPS/MPPS/men\Screenshot 2024-11-18 082800.png
Screenshot 2024-11-18 082812.png,Male,MPPS/MPPS/men\Screenshot 2024-11-18 082812.png
Screenshot 2024-11-18 082824.png,Male,MPPS/MPPS/men\Screenshot 2024-11-18 082824.png
Screenshot 2024-11-18 082839.png,Male,MPPS/MPPS/men\Screenshot 2024-11-18 082839.png
Screenshot 2024-11-18 082848.png,Male,MPPS/MPPS/men\Screenshot 2024-11-18 082848.png
Screenshot 2024-11-18 082903.png,Male,MPPS/MPPS/men\Screenshot 2024-11-18 082903.png
Screenshot 2024-11-18 082916.png,Male,MPPS/MPPS/men\Screenshot 2024-11-18 082916.png
Screenshot 2024-11-18 082939.png,Male,MPPS/MPPS/men\Screenshot 2024-11-18 082939.png
Screenshot 2024-11-18 082955.png,Male,MPPS/MPPS/men\Screenshot 2024-11-18 082955.png
Screenshot 2024-11-18 083006.png,Male,MPPS/MPPS/men\Screenshot 2024-11-18 083006.png
Screenshot 2024-11-18 083057.png,Male,MPPS/MPPS/men\Screenshot 2024-11-18 083057.png
Screenshot 2024-11-18 083108.png,Male,MPPS/MPPS/men\Screenshot 2024-11-18 083108.png
Screenshot 2024-11-18 083119.png,Male,MPPS/MPPS/men\Screenshot 2024-11-18 083119.png
Screenshot 2024-11-18 083131.png,Male,MPPS/MPPS/men\Screenshot 2024-11-18 083131.png
Screenshot 2024-11-18 083143.png,Male,MPPS/MPPS/men\Screenshot 2024-11-18 083143.png
Screenshot 2024-11-18 083155.png,Male,MPPS/MPPS/men\Screenshot 2024-11-18 083155.png
Screenshot 2024-11-18 083206.png,Male,MPPS/MPPS/men\Screenshot 2024-11-18 083206.png
Screenshot 2024-11-18 083217.png,Male,MPPS/MPPS/men\Screenshot 2024-11-18 083217.png
Screenshot 2024-11-18 083228.png,Male,MPPS/MPPS/men\Screenshot 2024-11-18 083228.png
Screenshot 2024-11-18 083240.png,Male,MPPS/MPPS/men\Screenshot 2024-11-18 083240.png
Screenshot 2024-11-18 083259.png,Male,MPPS/MPPS/men\Screenshot 2024-11-18 083259.png
Screenshot 2024-11-18 083319.png,Male,MPPS/MPPS/men\Screenshot 2024-11-18 083319.png
Screenshot 2024-11-18 083338.png,Male,MPPS/MPPS/men\Screenshot 2024-11-18 083338.png
Screenshot 2024-11-18 083358.png,Male,MPPS/MPPS/men\Screenshot 2024-11-18 083358.png
Screenshot 2024-11-18 083417.png,Male,MPPS/MPPS/men\Screenshot 2024-11-18 083417.png
Screenshot 2024-11-18 083438.png,Male,MPPS/MPPS/men\Screenshot 2024-11-18 083438.png
Screenshot 2024-11-18 083453.png,Male,MPPS/MPPS/men\Screenshot 2024-11-18 083453.png
Screenshot 2024-11-18 083509.png,Male,MPPS/MPPS/men\Screenshot 2024-11-18 083509.png
Screenshot 2024-11-18 083523.png,Male,MPPS/MPPS/men\Screenshot 2024-11-18 083523.png
Screenshot 2024-11-18 083535.png,Male,MPPS/MPPS/men\Screenshot 2024-11-18 083535.png
Screenshot 2024-11-18 083551.png,Male,MPPS/MPPS/men\Screenshot 2024-11-18 083551.png
Screenshot 2024-11-18 083652.png,Male,MPPS/MPPS/men\Screenshot 2024-11-18 083652.png
Screenshot 2024-11-18 083705.png,Male,MPPS/MPPS/men\Screenshot 2024-11-18 083705.png
Screenshot 2024-11-18 083742.png,Male,MPPS/MPPS/men\Screenshot 2024-11-18 083742.png
Screenshot 2024-11-18 083754.png,Male,MPPS/MPPS/men\Screenshot 2024-11-18 083754.png
Screenshot 2024-11-18 083816.png,Male,MPPS/MPPS/men\Screenshot 2024-11-18 083816.png
Screenshot 2024-11-18 084406.png,Male,MPPS/MPPS/men\Screenshot 2024-11-18 084406.png
Screenshot 2024-11-18 084458.png,Male,MPPS/MPPS/men\Screenshot 2024-11-18 084458.png
Screenshot 2024-11-18 084518.png,Male,MPPS/MPPS/men\Screenshot 2024-11-18 084518.png
Screenshot 2024-11-18 084533.png,Male,MPPS/MPPS/men\Screenshot 2024-11-18 084533.png
Screenshot 2024-11-18 084606.png,Male,MPPS/MPPS/men\Screenshot 2024-11-18 084606.png
Screenshot 2024-11-18 084639.png,Male,MPPS/MPPS/men\Screenshot 2024-11-18 084639.png
Screenshot 2024-11-18 084707.png,Male,MPPS/MPPS/men\Screenshot 2024-11-18 084707.png
Screenshot 2024-11-18 084719.png,Male,MPPS/MPPS/men\Screenshot 2024-11-18 084719.png
Screenshot 2024-11-18 084743.png,Male,MPPS/MPPS/men\Screenshot 2024-11-18 084743.png
Screenshot 2024-11-18 084755.png,Male,MPPS/MPPS/men\Screenshot 2024-11-18 084755.png
Screenshot 2024-11-18 084814.png,Male,MPPS/MPPS/men\Screenshot 2024-11-18 084814.png
Screenshot 2024-11-18 084826.png,Male,MPPS/MPPS/men\Screenshot 2024-11-18 084826.png
Screenshot 2024-11-18 084842.png,Male,MPPS/MPPS/men\Screenshot 2024-11-18 084842.png
Screenshot 2024-11-18 084910.png,Male,MPPS/MPPS/men\Screenshot 2024-11-18 084910.png
Screenshot 2024-11-18 084921.png,Male,MPPS/MPPS/men\Screenshot 2024-11-18 084921.png
Screenshot 2024-11-18 084939.png,Male,MPPS/MPPS/men\Screenshot 2024-11-18 084939.png
Screenshot 2024-11-18 085002.png,Male,MPPS/MPPS/men\Screenshot 2024-11-18 085002.png
Screenshot 2024-11-18 085015.png,Male,MPPS/MPPS/men\Screenshot 2024-11-18 085015.png
Screenshot 2024-11-18 085025.png,Male,MPPS/MPPS/men\Screenshot 2024-11-18 085025.png
Screenshot 2024-11-18 085038.png,Male,MPPS/MPPS/men\Screenshot 2024-11-18 085038.png
Screenshot 2024-11-18 085049.png,Male,MPPS/MPPS/men\Screenshot 2024-11-18 085049.png
Screenshot 2024-11-18 085101.png,Male,MPPS/MPPS/men\Screenshot 2024-11-18 085101.png
Screenshot 2024-11-18 085112.png,Male,MPPS/MPPS/men\Screenshot 2024-11-18 085112.png
Screenshot 2024-11-18 085140.png,Male,MPPS/MPPS/men\Screenshot 2024-11-18 085140.png
Screenshot 2024-11-18 085153.png,Male,MPPS/MPPS/men\Screenshot 2024-11-18 085153.png
Screenshot 2024-11-18 085206.png,Male,MPPS/MPPS/men\Screenshot 2024-11-18 085206.png
Screenshot 2024-11-18 085222.png,Male,MPPS/MPPS/men\Screenshot 2024-11-18 085222.png
Screenshot 2024-11-18 085232.png,Male,MPPS/MPPS/men\Screenshot 2024-11-18 085232.png
Screenshot 2024-11-18 085246.png,Male,MPPS/MPPS/men\Screenshot 2024-11-18 085246.png
Screenshot 2024-11-18 085254.png,Male,MPPS/MPPS/men\Screenshot 2024-11-18 085254.png
Screenshot 2024-11-18 085307.png,Male,MPPS/MPPS/men\Screenshot 2024-11-18 085307.png
Screenshot 2024-11-18 085317.png,Male,MPPS/MPPS/men\Screenshot 2024-11-18 085317.png
Screenshot 2024-11-18 085335.png,Male,MPPS/MPPS/men\Screenshot 2024-11-18 085335.png
Screenshot 2024-11-18 085356.png,Male,MPPS/MPPS/men\Screenshot 2024-11-18 085356.png
Screenshot 2024-11-18 085408.png,Male,MPPS/MPPS/men\Screenshot 2024-11-18 085408.png
Screenshot 2024-11-18 085452.png,Male,MPPS/MPPS/men\Screenshot 2024-11-18 085452.png
Screenshot 2024-11-18 085504.png,Male,MPPS/MPPS/men\Screenshot 2024-11-18 085504.png
Screenshot 2024-11-18 085527.png,Male,MPPS/MPPS/men\Screenshot 2024-11-18 085527.png
Screenshot 2024-11-18 085547.png,Male,MPPS/MPPS/men\Screenshot 2024-11-18 085547.png
Screenshot 2024-11-18 085608.png,Male,MPPS/MPPS/men\Screenshot 2024-11-18 085608.png
Screenshot 2024-11-18 085904.png,Male,MPPS/MPPS/men\Screenshot 2024-11-18 085904.png
Screenshot 2024-11-18 085915.png,Male,MPPS/MPPS/men\Screenshot 2024-11-18 085915.png
Screenshot 2024-11-18 085934.png,Male,MPPS/MPPS/men\Screenshot 2024-11-18 085934.png
Screenshot 2024-11-18 090029.png,Male,MPPS/MPPS/men\Screenshot 2024-11-18 090029.png
Screenshot 2024-11-18 090045.png,Male,MPPS/MPPS/men\Screenshot 2024-11-18 090045.png
Screenshot 2024-11-18 090056.png,Male,MPPS/MPPS/men\Screenshot 2024-11-18 090056.png
Screenshot 2024-11-18 090110.png,Male,MPPS/MPPS/men\Screenshot 2024-11-18 090110.png
Screenshot 2024-11-18 090122.png,Male,MPPS/MPPS/men\Screenshot 2024-11-18 090122.png
Screenshot 2024-11-18 090131.png,Male,MPPS/MPPS/men\Screenshot 2024-11-18 090131.png
Screenshot 2024-11-18 090140.png,Male,MPPS/MPPS/men\Screenshot 2024-11-18 090140.png
Screenshot 2024-11-18 090152.png,Male,MPPS/MPPS/men\Screenshot 2024-11-18 090152.png
Screenshot 2024-11-18 090202.png,Male,MPPS/MPPS/men\Screenshot 2024-11-18 090202.png
Screenshot 2024-11-18 090215.png,Male,MPPS/MPPS/men\Screenshot 2024-11-18 090215.png
Screenshot 2024-11-18 090230.png,Male,MPPS/MPPS/men\Screenshot 2024-11-18 090230.png
Screenshot 2024-11-18 090246.png,Male,MPPS/MPPS/men\Screenshot 2024-11-18 090246.png
Screenshot 2024-11-18 090316.png,Male,MPPS/MPPS/men\Screenshot 2024-11-18 090316.png
Screenshot 2024-11-18 090335.png,Male,MPPS/MPPS/men\Screenshot 2024-11-18 090335.png
Screenshot 2024-11-18 090346.png,Male,MPPS/MPPS/men\Screenshot 2024-11-18 090346.png
Screenshot 2024-11-18 090413.png,Male,MPPS/MPPS/men\Screenshot 2024-11-18 090413.png
Screenshot 2024-11-18 090436.png,Male,MPPS/MPPS/men\Screenshot 2024-11-18 090436.png
Screenshot 2024-11-18 090448.png,Male,MPPS/MPPS/men\Screenshot 2024-11-18 090448.png
Screenshot 2024-11-18 090507.png,Male,MPPS/MPPS/men\Screenshot 2024-11-18 090507.png
Screenshot 2024-11-18 090519.png,Male,MPPS/MPPS/men\Screenshot 2024-11-18 090519.png
Screenshot 2024-11-18 090545.png,Male,MPPS/MPPS/men\Screenshot 2024-11-18 090545.png
Screenshot 2024-11-18 090608.png,Male,MPPS/MPPS/men\Screenshot 2024-11-18 090608.png
Screenshot 2024-11-18 090618.png,Male,MPPS/MPPS/men\Screenshot 2024-11-18 090618.png
Screenshot 2024-11-18 090632.png,Male,MPPS/MPPS/men\Screenshot 2024-11-18 090632.png
Screenshot 2024-11-18 090657.png,Male,MPPS/MPPS/men\Screenshot 2024-11-18 090657.png
Screenshot 2024-11-18 090717.png,Male,MPPS/MPPS/men\Screenshot 2024-11-18 090717.png
Screenshot 2024-11-18 090733.png,Male,MPPS/MPPS/men\Screenshot 2024-11-18 090733.png
Screenshot 2024-11-18 090747.png,Male,MPPS/MPPS/men\Screenshot 2024-11-18 090747.png
Screenshot 2024-11-18 091043.png,Male,MPPS/MPPS/men\Screenshot 2024-11-18 091043.png
Screenshot 2024-11-18 091237.png,Male,MPPS/MPPS/men\Screenshot 2024-11-18 091237.png
Screenshot 2024-11-18 091247.png,Male,MPPS/MPPS/men\Screenshot 2024-11-18 091247.png
Screenshot 2024-11-18 091301.png,Male,MPPS/MPPS/men\Screenshot 2024-11-18 091301.png
Screenshot 2024-11-18 091312.png,Male,MPPS/MPPS/men\Screenshot 2024-11-18 091312.png
Screenshot 2024-11-18 091322.png,Male,MPPS/MPPS/men\Screenshot 2024-11-18 091322.png
Screenshot 2024-11-18 091330.png,Male,MPPS/MPPS/men\Screenshot 2024-11-18 091330.png
Screenshot 2024-11-18 091344.png,Male,MPPS/MPPS/men\Screenshot 2024-11-18 091344.png
Screenshot 2024-11-18 091403.png,Male,MPPS/MPPS/men\Screenshot 2024-11-18 091403.png
Screenshot 2024-11-18 091412.png,Male,MPPS/MPPS/men\Screenshot 2024-11-18 091412.png
Screenshot 2024-11-18 091437.png,Male,MPPS/MPPS/men\Screenshot 2024-11-18 091437.png
Screenshot 2024-11-18 091446.png,Male,MPPS/MPPS/men\Screenshot 2024-11-18 091446.png
Screenshot 2024-11-18 091458.png,Male,MPPS/MPPS/men\Screenshot 2024-11-18 091458.png
Screenshot 2024-11-18 091507.png,Male,MPPS/MPPS/men\Screenshot 2024-11-18 091507.png
Screenshot 2024-11-18 091516.png,Male,MPPS/MPPS/men\Screenshot 2024-11-18 091516.png
Screenshot 2024-11-18 091536.png,Male,MPPS/MPPS/men\Screenshot 2024-11-18 091536.png
Screenshot 2024-11-18 091547.png,Male,MPPS/MPPS/men\Screenshot 2024-11-18 091547.png
Screenshot 2024-11-18 091558.png,Male,MPPS/MPPS/men\Screenshot 2024-11-18 091558.png
Screenshot 2024-11-18 091608.png,Male,MPPS/MPPS/men\Screenshot 2024-11-18 091608.png
Screenshot 2024-11-18 091623.png,Male,MPPS/MPPS/men\Screenshot 2024-11-18 091623.png
Screenshot 2024-11-18 091633.png,Male,MPPS/MPPS/men\Screenshot 2024-11-18 091633.png
Screenshot 2024-11-18 091647.png,Male,MPPS/MPPS/men\Screenshot 2024-11-18 091647.png
Screenshot 2024-11-18 091659.png,Male,MPPS/MPPS/men\Screenshot 2024-11-18 091659.png
Screenshot 2024-11-18 091710.png,Male,MPPS/MPPS/men\Screenshot 2024-11-18 091710.png
Screenshot 2024-11-18 091723.png,Male,MPPS/MPPS/men\Screenshot 2024-11-18 091723.png
Screenshot 2024-11-18 091742.png,Male,MPPS/MPPS/men\Screenshot 2024-11-18 091742.png
Screenshot 2024-11-18 091750.png,Male,MPPS/MPPS/men\Screenshot 2024-11-18 091750.png
Screenshot 2024-11-18 091801.png,Male,MPPS/MPPS/men\Screenshot 2024-11-18 091801.png
Screenshot 2024-11-18 091822.png,Male,MPPS/MPPS/men\Screenshot 2024-11-18 091822.png
Screenshot 2024-11-18 091830.png,Male,MPPS/MPPS/men\Screenshot 2024-11-18 091830.png
Screenshot 2024-11-18 091838.png,Male,MPPS/MPPS/men\Screenshot 2024-11-18 091838.png
Screenshot 2024-11-18 091847.png,Male,MPPS/MPPS/men\Screenshot 2024-11-18 091847.png
Screenshot 2024-11-18 091856.png,Male,MPPS/MPPS/men\Screenshot 2024-11-18 091856.png
Screenshot 2024-11-18 091910.png,Male,MPPS/MPPS/men\Screenshot 2024-11-18 091910.png
Screenshot 2024-11-18 091919.png,Male,MPPS/MPPS/men\Screenshot 2024-11-18 091919.png
Screenshot 2024-11-18 091929.png,Male,MPPS/MPPS/men\Screenshot 2024-11-18 091929.png
Screenshot 2024-11-18 091942.png,Male,MPPS/MPPS/men\Screenshot 2024-11-18 091942.png
Screenshot 2024-11-18 091954.png,Male,MPPS/MPPS/men\Screenshot 2024-11-18 091954.png
Screenshot 2024-11-18 092006.png,Male,MPPS/MPPS/men\Screenshot 2024-11-18 092006.png
Screenshot 2024-11-18 092016.png,Male,MPPS/MPPS/men\Screenshot 2024-11-18 092016.png
Screenshot 2024-11-18 092026.png,Male,MPPS/MPPS/men\Screenshot 2024-11-18 092026.png
Screenshot 2024-11-18 092037.png,Male,MPPS/MPPS/men\Screenshot 2024-11-18 092037.png
Screenshot 2024-11-18 092052.png,Male,MPPS/MPPS/men\Screenshot 2024-11-18 092052.png
Screenshot 2024-11-18 092105.png,Male,MPPS/MPPS/men\Screenshot 2024-11-18 092105.png
Screenshot 2024-11-18 092115.png,Male,MPPS/MPPS/men\Screenshot 2024-11-18 092115.png
Screenshot 2024-11-18 092127.png,Male,MPPS/MPPS/men\Screenshot 2024-11-18 092127.png
Screenshot 2024-11-18 092220.png,Male,MPPS/MPPS/men\Screenshot 2024-11-18 092220.png
Screenshot 2024-11-18 092232.png,Male,MPPS/MPPS/men\Screenshot 2024-11-18 092232.png
Screenshot 2024-11-18 092244.png,Male,MPPS/MPPS/men\Screenshot 2024-11-18 092244.png
Screenshot 2024-11-18 092258.png,Male,MPPS/MPPS/men\Screenshot 2024-11-18 092258.png
Screenshot 2024-11-18 092307.png,Male,MPPS/MPPS/men\Screenshot 2024-11-18 092307.png
Screenshot 2024-11-18 092317.png,Male,MPPS/MPPS/men\Screenshot 2024-11-18 092317.png
Screenshot 2024-11-18 092329.png,Male,MPPS/MPPS/men\Screenshot 2024-11-18 092329.png
Screenshot 2024-11-18 092343.png,Male,MPPS/MPPS/men\Screenshot 2024-11-18 092343.png
Screenshot 2024-11-18 092353.png,Male,MPPS/MPPS/men\Screenshot 2024-11-18 092353.png
Screenshot 2024-11-18 092406.png,Male,MPPS/MPPS/men\Screenshot 2024-11-18 092406.png
Screenshot 2024-11-18 092417.png,Male,MPPS/MPPS/men\Screenshot 2024-11-18 092417.png
Screenshot 2024-11-18 092430.png,Male,MPPS/MPPS/men\Screenshot 2024-11-18 092430.png
Screenshot 2024-11-18 092441.png,Male,MPPS/MPPS/men\Screenshot 2024-11-18 092441.png
Screenshot 2024-11-18 092526.png,Male,MPPS/MPPS/men\Screenshot 2024-11-18 092526.png
Screenshot 2024-11-18 092537.png,Male,MPPS/MPPS/men\Screenshot 2024-11-18 092537.png
Screenshot 2024-11-18 092549.png,Male,MPPS/MPPS/men\Screenshot 2024-11-18 092549.png
Screenshot 2024-11-18 092559.png,Male,MPPS/MPPS/men\Screenshot 2024-11-18 092559.png
Screenshot 2024-11-18 092840.png,Male,MPPS/MPPS/men\Screenshot 2024-11-18 092840.png
Screenshot 2024-11-18 092851.png,Male,MPPS/MPPS/men\Screenshot 2024-11-18 092851.png
Screenshot 2024-11-18 092902.png,Male,MPPS/MPPS/men\Screenshot 2024-11-18 092902.png
Screenshot 2024-11-18 092912.png,Male,MPPS/MPPS/men\Screenshot 2024-11-18 092912.png
Screenshot 2024-11-18 092922.png,Male,MPPS/MPPS/men\Screenshot 2024-11-18 092922.png
Screenshot 2024-11-18 092945.png,Male,MPPS/MPPS/men\Screenshot 2024-11-18 092945.png
Screenshot 2024-11-18 093151.png,Male,MPPS/MPPS/men\Screenshot 2024-11-18 093151.png
Screenshot 2024-11-18 093205.png,Male,MPPS/MPPS/men\Screenshot 2024-11-18 093205.png
Screenshot 2024-11-18 093217.png,Male,MPPS/MPPS/men\Screenshot 2024-11-18 093217.png
Screenshot 2024-11-18 093244.png,Male,MPPS/MPPS/men\Screenshot 2024-11-18 093244.png
Screenshot 2024-11-18 093253.png,Male,MPPS/MPPS/men\Screenshot 2024-11-18 093253.png
Screenshot 2024-11-18 093302.png,Male,MPPS/MPPS/men\Screenshot 2024-11-18 093302.png
Screenshot 2024-11-18 093313.png,Male,MPPS/MPPS/men\Screenshot 2024-11-18 093313.png
Screenshot 2024-11-18 093331.png,Male,MPPS/MPPS/men\Screenshot 2024-11-18 093331.png
Screenshot 2024-11-18 093342.png,Male,MPPS/MPPS/men\Screenshot 2024-11-18 093342.png
Screenshot 2024-11-18 093400.png,Male,MPPS/MPPS/men\Screenshot 2024-11-18 093400.png
Screenshot 2024-11-18 093412.png,Male,MPPS/MPPS/men\Screenshot 2024-11-18 093412.png
Screenshot 2024-11-18 093422.png,Male,MPPS/MPPS/men\Screenshot 2024-11-18 093422.png
Screenshot 2024-11-18 093431.png,Male,MPPS/MPPS/men\Screenshot 2024-11-18 093431.png
Screenshot 2024-11-18 093442.png,Male,MPPS/MPPS/men\Screenshot 2024-11-18 093442.png
Screenshot 2024-11-18 093453.png,Male,MPPS/MPPS/men\Screenshot 2024-11-18 093453.png
Screenshot 2024-11-18 093506.png,Male,MPPS/MPPS/men\Screenshot 2024-11-18 093506.png
Screenshot 2024-11-18 093518.png,Male,MPPS/MPPS/men\Screenshot 2024-11-18 093518.png
Screenshot 2024-11-18 093527.png,Male,MPPS/MPPS/men\Screenshot 2024-11-18 093527.png
Screenshot 2024-11-18 093536.png,Male,MPPS/MPPS/men\Screenshot 2024-11-18 093536.png
Screenshot 2024-11-18 093545.png,Male,MPPS/MPPS/men\Screenshot 2024-11-18 093545.png
Screenshot 2024-11-18 093600.png,Male,MPPS/MPPS/men\Screenshot 2024-11-18 093600.png
Screenshot 2024-11-18 093720.png,Male,MPPS/MPPS/men\Screenshot 2024-11-18 093720.png
Screenshot 2024-11-18 093734.png,Male,MPPS/MPPS/men\Screenshot 2024-11-18 093734.png
Screenshot 2024-11-18 093746.png,Male,MPPS/MPPS/men\Screenshot 2024-11-18 093746.png
Screenshot 2024-11-18 093758.png,Male,MPPS/MPPS/men\Screenshot 2024-11-18 093758.png
Screenshot 2024-11-18 093807.png,Male,MPPS/MPPS/men\Screenshot 2024-11-18 093807.png
Screenshot 2024-11-18 093820.png,Male,MPPS/MPPS/men\Screenshot 2024-11-18 093820.png
Screenshot 2024-11-18 093832.png,Male,MPPS/MPPS/men\Screenshot 2024-11-18 093832.png
Screenshot 2024-11-18 093843.png,Male,MPPS/MPPS/men\Screenshot 2024-11-18 093843.png
Screenshot 2024-11-18 093858.png,Male,MPPS/MPPS/men\Screenshot 2024-11-18 093858.png
Screenshot 2024-11-18 093908.png,Male,MPPS/MPPS/men\Screenshot 2024-11-18 093908.png
Screenshot 2024-11-18 093918.png,Male,MPPS/MPPS/men\Screenshot 2024-11-18 093918.png
Screenshot 2024-11-18 093929.png,Male,MPPS/MPPS/men\Screenshot 2024-11-18 093929.png
Screenshot 2024-11-18 093940.png,Male,MPPS/MPPS/men\Screenshot 2024-11-18 093940.png
Screenshot 2024-11-18 093952.png,Male,MPPS/MPPS/men\Screenshot 2024-11-18 093952.png
Screenshot 2024-11-18 094002.png,Male,MPPS/MPPS/men\Screenshot 2024-11-18 094002.png
Screenshot 2024-11-18 094011.png,Male,MPPS/MPPS/men\Screenshot 2024-11-18 094011.png
Screenshot 2024-11-18 094029.png,Male,MPPS/MPPS/men\Screenshot 2024-11-18 094029.png
Screenshot 2024-11-18 094052.png,Male,MPPS/MPPS/men\Screenshot 2024-11-18 094052.png
Screenshot 2024-11-18 094111.png,Male,MPPS/MPPS/men\Screenshot 2024-11-18 094111.png
Screenshot 2024-11-18 094123.png,Male,MPPS/MPPS/men\Screenshot 2024-11-18 094123.png
Screenshot 2024-11-18 094200.png,Male,MPPS/MPPS/men\Screenshot 2024-11-18 094200.png
Screenshot 2024-11-18 094209.png,Male,MPPS/MPPS/men\Screenshot 2024-11-18 094209.png
Screenshot 2024-11-18 094216.png,Male,MPPS/MPPS/men\Screenshot 2024-11-18 094216.png
Screenshot 2024-11-18 094228.png,Male,MPPS/MPPS/men\Screenshot 2024-11-18 094228.png
Screenshot 2024-11-18 094245.png,Male,MPPS/MPPS/men\Screenshot 2024-11-18 094245.png
Screenshot 2024-11-18 094253.png,Male,MPPS/MPPS/men\Screenshot 2024-11-18 094253.png
Screenshot 2024-11-18 094313.png,Male,MPPS/MPPS/men\Screenshot 2024-11-18 094313.png
Screenshot 2024-11-18 094336.png,Male,MPPS/MPPS/men\Screenshot 2024-11-18 094336.png
Screenshot 2024-11-18 094347.png,Male,MPPS/MPPS/men\Screenshot 2024-11-18 094347.png
Screenshot 2024-11-18 094401.png,Male,MPPS/MPPS/men\Screenshot 2024-11-18 094401.png
Screenshot 2024-11-18 094412.png,Male,MPPS/MPPS/men\Screenshot 2024-11-18 094412.png
Screenshot 2024-11-18 094440.png,Male,MPPS/MPPS/men\Screenshot 2024-11-18 094440.png
Screenshot 2024-11-18 094459.png,Male,MPPS/MPPS/men\Screenshot 2024-11-18 094459.png
Screenshot 2024-11-18 094509.png,Male,MPPS/MPPS/men\Screenshot 2024-11-18 094509.png
Screenshot 2024-11-18 094519.png,Male,MPPS/MPPS/men\Screenshot 2024-11-18 094519.png
Screenshot 2024-11-18 094533.png,Male,MPPS/MPPS/men\Screenshot 2024-11-18 094533.png
Screenshot 2024-11-18 094541.png,Male,MPPS/MPPS/men\Screenshot 2024-11-18 094541.png
Screenshot 2024-11-18 094555.png,Male,MPPS/MPPS/men\Screenshot 2024-11-18 094555.png
Screenshot 2024-11-18 094607.png,Male,MPPS/MPPS/men\Screenshot 2024-11-18 094607.png
Screenshot 2024-11-18 094619.png,Male,MPPS/MPPS/men\Screenshot 2024-11-18 094619.png
Screenshot 2024-11-18 094630.png,Male,MPPS/MPPS/men\Screenshot 2024-11-18 094630.png
Screenshot 2024-11-18 094644.png,Male,MPPS/MPPS/men\Screenshot 2024-11-18 094644.png
Screenshot 2024-11-18 094706.png,Male,MPPS/MPPS/men\Screenshot 2024-11-18 094706.png
Screenshot 2024-11-18 094715.png,Male,MPPS/MPPS/men\Screenshot 2024-11-18 094715.png
Screenshot 2024-11-18 094726.png,Male,MPPS/MPPS/men\Screenshot 2024-11-18 094726.png
Screenshot 2024-11-18 102019.png,Male,MPPS/MPPS/men\Screenshot 2024-11-18 102019.png
Screenshot 2024-11-18 102043.png,Male,MPPS/MPPS/men\Screenshot 2024-11-18 102043.png
Screenshot 2024-11-18 102057.png,Male,MPPS/MPPS/men\Screenshot 2024-11-18 102057.png
Screenshot 2024-11-18 102128.png,Male,MPPS/MPPS/men\Screenshot 2024-11-18 102128.png
Screenshot 2024-11-18 102204.png,Male,MPPS/MPPS/men\Screenshot 2024-11-18 102204.png
Screenshot 2024-11-18 102229.png,Male,MPPS/MPPS/men\Screenshot 2024-11-18 102229.png
Screenshot 2024-11-18 102255.png,Male,MPPS/MPPS/men\Screenshot 2024-11-18 102255.png
Screenshot 2024-11-18 102308.png,Male,MPPS/MPPS/men\Screenshot 2024-11-18 102308.png
Screenshot 2024-11-18 102325.png,Male,MPPS/MPPS/men\Screenshot 2024-11-18 102325.png
Screenshot 2024-11-18 102356.png,Male,MPPS/MPPS/men\Screenshot 2024-11-18 102356.png
Screenshot 2024-11-18 102428.png,Male,MPPS/MPPS/men\Screenshot 2024-11-18 102428.png
Screenshot 2024-11-18 102450.png,Male,MPPS/MPPS/men\Screenshot 2024-11-18 102450.png
